monster,threat_level
Ajarakan,7
Arkveld,9
Balahara,7
Blangonga,5
Chatacabra,4
Congalala,4
Doshaguma,6
Gore Magala,8
Gravios,7
Guardian Arkveld,9
Guardian Doshaguma,8
Guardian Ebony Odogaron,8
Guardian Fulgur Anjanath,8
Guardian Rathalos,8
Gypceros,4
Hirabami,5
Jin Dahaad,9
Lala Barina,4
Mizutsune,6
Nerscylla,5
Nu Udra,8
Quematrice,4
Rathalos,7
Rathian,6
Rey Dau,9
Rompopolo,4
Uth Duna,8
Xu Wu,8
Yian Kut-Ku,3
Zoh Shia,10
